CREATE TABLE PERSONNE(NUMP INTEGER(5) AUTO_INCREMENT,
		      PRENOM VARCHAR (20) NOT NULL,
                      NOM VARCHAR (15),
		      DATENAIS DECIMAL (4,0) ,
		      PRIMARY KEY (NUMP));

INSERT INTO PERSONNE (NOM, PRENOM, DATENAIS)
            VALUES  ('Allen', 'Woody', 1938);
INSERT INTO PERSONNE (NOM, PRENOM, DATENAIS)
            VALUES  ('Lynch', 'David', 1946);
INSERT INTO PERSONNE (NOM, PRENOM, DATENAIS)
            VALUES  ('Kusturica', 'Emir', 1959);
INSERT INTO PERSONNE (NOM, PRENOM, DATENAIS)
            VALUES  ('Lang', 'Fritz', 1899);
INSERT INTO PERSONNE (NOM, PRENOM, DATENAIS)
            VALUES  ('Eastwood', 'Clint', 1932);
INSERT INTO PERSONNE (NOM, PRENOM, DATENAIS)
            VALUES  ('Hitchcock', 'Alfred', 1898);
INSERT INTO PERSONNE (NOM, PRENOM, DATENAIS)
            VALUES  ('Kubrick', 'Stanley', 1935);
INSERT INTO PERSONNE (NOM, PRENOM, DATENAIS)
            VALUES  ('Curtis', 'Michael', 1902);
INSERT INTO PERSONNE (NOM, PRENOM, DATENAIS)
            VALUES  ('Stewart', 'James', 1911);
INSERT INTO PERSONNE (NOM, PRENOM)
            VALUES  ('Novak', 'Kim');
INSERT INTO PERSONNE (NOM, PRENOM, DATENAIS)
            VALUES  ('Hunt', 'Greg', 1950);
INSERT INTO PERSONNE (NOM, PRENOM, DATENAIS)
            VALUES  ('Tarantino', 'Quentin', 1948);
INSERT INTO PERSONNE (NOM, PRENOM, DATENAIS)
            VALUES  ('Willis', 'Bruce', 1952);
INSERT INTO PERSONNE (NOM, PRENOM, DATENAIS)
            VALUES  ('Spielberg', 'Steven', 1943);
INSERT INTO PERSONNE (NOM, PRENOM)
            VALUES  ('Hudson', 'Hugh');
INSERT INTO PERSONNE (NOM, PRENOM, DATENAIS)
            VALUES  ('Gillian', 'Terry', 1944);
INSERT INTO PERSONNE (NOM, PRENOM, DATENAIS)
            VALUES  ('Truffaut', 'Francois', 1938);
INSERT INTO PERSONNE (NOM, PRENOM, DATENAIS)
            VALUES  ('Lambert', 'Christophe', 1953);
INSERT INTO PERSONNE (NOM, PRENOM, DATENAIS)
            VALUES  ('Keitel', 'Harvey', 1940);
INSERT INTO PERSONNE (NOM, PRENOM, DATENAIS)
            VALUES  ('Woo', 'John', 1951);
INSERT INTO PERSONNE (NOM, PRENOM, DATENAIS)
            VALUES  ('Travolta', 'John', 1953);
INSERT INTO PERSONNE (NOM, PRENOM, DATENAIS)
            VALUES  ('Cage', 'Nicolas', 1954);
INSERT INTO PERSONNE (NOM, PRENOM, DATENAIS)
            VALUES  ('DiCaprio', 'Leonardo', 1973);
INSERT INTO PERSONNE (NOM, PRENOM, DATENAIS)
            VALUES  ('Cameron', 'James', 1943);
INSERT INTO PERSONNE (NOM, PRENOM, DATENAIS)
            VALUES  ('Cruise', 'Tom', 1960);
INSERT INTO PERSONNE (NOM, PRENOM, DATENAIS)
            VALUES  ('De Palma', 'Brian', 1953);
INSERT INTO PERSONNE(NOM, PRENOM, DATENAIS)
            VALUES  ('Depp', 'Johnny', 1967);
INSERT INTO PERSONNE (NOM, PRENOM, DATENAIS)
            VALUES  ('Ricci', 'Christina', 1974);
INSERT INTO PERSONNE (NOM, PRENOM, DATENAIS)
            VALUES  ('Burton', 'Tim', 1958);





CREATE TABLE FILM  (NUMF DECIMAL(10,0) NOT NULL,
                    TITRE   VARCHAR (30),
                    ANNEE   INTEGER(4),
                    REALISATEUR VARCHAR (15),
	            PRIMARY KEY (NUMF));


INSERT INTO FILM (NUMF, TITRE, ANNEE, REALISATEUR)
		VALUES (10, 'Annie Hall', 1977, 'Allen');
INSERT INTO FILM (NUMF, TITRE, ANNEE, REALISATEUR)
		VALUES (57, 'Brazil', 1984, 'Gillian');
INSERT INTO FILM (NUMF, TITRE, ANNEE, REALISATEUR)
		VALUES (5, 'Underground', 1995, 'Kusturica');
INSERT INTO FILM (NUMF, TITRE, ANNEE, REALISATEUR)
		VALUES (38, 'Metropolis', 1926, 'Lang');
INSERT INTO FILM (NUMF, TITRE, ANNEE, REALISATEUR)
		VALUES (45, 'Impitoyable', 1992, 'Eastwood');
INSERT INTO FILM (NUMF, TITRE, ANNEE, REALISATEUR)
		VALUES (65, 'Vertigo', 1958, 'Hitchcock');
INSERT INTO FILM (NUMF, TITRE, ANNEE, REALISATEUR)
		VALUES (7, 'Shining', 1980, 'Kubrick');
INSERT INTO FILM (NUMF, TITRE, ANNEE, REALISATEUR)
		VALUES (6, 'Psychose', 1960, 'Hitchcock');
INSERT INTO FILM (NUMF, TITRE, ANNEE, REALISATEUR)
		VALUES (3, 'Twin Peaks', 1990, 'Lynch');
INSERT INTO FILM (NUMF, TITRE, ANNEE, REALISATEUR)
		VALUES (90, 'Casablanca', 1942, 'Curtis');
INSERT INTO FILM (NUMF, TITRE, ANNEE, REALISATEUR)
		VALUES (85, 'Greystocke', 1984, 'Hudson');
INSERT INTO FILM (NUMF, TITRE, ANNEE, REALISATEUR)
		VALUES (89, 'Le dernier metro', 1980, 'Truffaut');
INSERT INTO FILM (NUMF, TITRE, ANNEE, REALISATEUR)
		VALUES (1, 'Reservoir Dogs', 1992, 'Tarantino');
INSERT INTO FILM (NUMF, TITRE, ANNEE, REALISATEUR)
		VALUES (43, 'Manhattan', 1979, 'Allen');
INSERT INTO FILM (NUMF, TITRE, ANNEE, REALISATEUR)
		VALUES (11, 'Jurassic Park', 1992, 'Spielberg');
INSERT INTO FILM (NUMF, TITRE, ANNEE, REALISATEUR)
		VALUES (32, 'Rencontres du 3eme type', 1978, 'Spielberg');
INSERT INTO FILM (NUMF, TITRE, ANNEE, REALISATEUR)
		VALUES (33, 'Piege de cristal', 1990, 'Hunt');
INSERT INTO FILM (NUMF, TITRE, ANNEE, REALISATEUR)
		VALUES (34, 'Une journee en enfer', 1994, 'Hunt');
INSERT INTO FILM (NUMF, TITRE, ANNEE, REALISATEUR)
		VALUES (35, '48 minutes pour vivre', 1992, 'Hunt');
INSERT INTO FILM (NUMF, TITRE, ANNEE, REALISATEUR)
		VALUES (73, 'Pulp Fiction', 1995, 'Tarantino');
INSERT INTO FILM (NUMF, TITRE, ANNEE, REALISATEUR)
		VALUES (101, 'Broken Arrow', 1996, 'Woo');
INSERT INTO FILM (NUMF, TITRE, ANNEE, REALISATEUR)
		VALUES (102, 'Volte-Face', 1997, 'Woo');
INSERT INTO FILM (NUMF, TITRE, ANNEE, REALISATEUR)
		VALUES (104, 'Titanic', 1998, 'Cameron');
INSERT INTO FILM (NUMF, TITRE, ANNEE, REALISATEUR)
		VALUES (135, 'Mission Impossible 2', 2000, 'Woo');
INSERT INTO FILM (NUMF, TITRE, ANNEE, REALISATEUR)
		VALUES (142, 'Edward aux mains d''argent', 1990, 'Burton');
INSERT INTO FILM (NUMF, TITRE, ANNEE, REALISATEUR)
		VALUES (141, 'Sleepy Hollow', 1999, 'Burton');






CREATE TABLE GENERIQUE( NRFILM   DECIMAL (10,0) NOT NULL,
                        ACTEUR VARCHAR (20) NOT NULL,
			ROLE  VARCHAR(20) NOT NULL,
			SALAIRE INTEGER(10),
			PRIMARY KEY (NRFILM, ACTEUR, ROLE)
			);

INSERT INTO GENERIQUE (ROLE, NRFILM, ACTEUR, SALAIRE) VALUES ('Bernard', 89, 'Truffaut',30773);
INSERT INTO GENERIQUE (ROLE, NRFILM, ACTEUR, SALAIRE) VALUES ('Davis', 43, 'Allen',25807);
INSERT INTO GENERIQUE (ROLE, NRFILM, ACTEUR, SALAIRE) VALUES ('Tarzan', 85, 'Lambert',67324);
INSERT INTO GENERIQUE (ROLE, NRFILM, ACTEUR, SALAIRE) VALUES ('Ferguson', 65, 'Stewart',52875);
INSERT INTO GENERIQUE (ROLE, NRFILM, ACTEUR, SALAIRE) VALUES ('Elster', 65, 'Novak',76851);
INSERT INTO GENERIQUE (ROLE, NRFILM, ACTEUR, SALAIRE) VALUES ('Jonas', 10, 'Allen',36740);
INSERT INTO GENERIQUE (ROLE, NRFILM, ACTEUR, SALAIRE) VALUES ('McLane', 33, 'Willis', 13546);
INSERT INTO GENERIQUE (ROLE, NRFILM, ACTEUR, SALAIRE) VALUES ('McLane', 34, 'Willis', 85339);
INSERT INTO GENERIQUE (ROLE, NRFILM, ACTEUR, SALAIRE) VALUES ('McLane', 35, 'Willis', 53513);
INSERT INTO GENERIQUE (ROLE, NRFILM, ACTEUR, SALAIRE) VALUES ('DoctorWho', 35, 'Willis', 73650);
INSERT INTO GENERIQUE (ROLE, NRFILM, ACTEUR, SALAIRE) VALUES ('Mr Brown', 1, 'Tarantino',  55488);
INSERT INTO GENERIQUE (ROLE, NRFILM, ACTEUR, SALAIRE) VALUES ('Munny', 45, 'Eastwood', 85200);
INSERT INTO GENERIQUE (ROLE, NRFILM, ACTEUR, SALAIRE) VALUES ('Mr White', 1, 'Keitel',40285);
INSERT INTO GENERIQUE (ROLE, NRFILM, ACTEUR, SALAIRE) VALUES ('Wolf', 73, 'Keitel',87216);
INSERT INTO GENERIQUE (ROLE, NRFILM, ACTEUR, SALAIRE) VALUES ('Coolidge', 73, 'Willis',28730);
INSERT INTO GENERIQUE (ROLE, NRFILM, ACTEUR, SALAIRE) VALUES ('Vega', 73, 'Travolta', 31489);
INSERT INTO GENERIQUE (ROLE, NRFILM, ACTEUR, SALAIRE) VALUES ('Deakins', 101, 'Travolta', 22770);
INSERT INTO GENERIQUE (ROLE, NRFILM, ACTEUR, SALAIRE) VALUES ('Archer', 102, 'Travolta',87807);
INSERT INTO GENERIQUE (ROLE, NRFILM, ACTEUR, SALAIRE) VALUES ('Troy', 102, 'Cage',78869);
INSERT INTO GENERIQUE (ROLE, NRFILM, ACTEUR, SALAIRE) VALUES ('Dowson', 104, 'DiCaprio',90415);
INSERT INTO GENERIQUE (ROLE, NRFILM, ACTEUR, SALAIRE) VALUES ('Howard', 135, 'Cruise',36660);
INSERT INTO GENERIQUE (ROLE, NRFILM, ACTEUR, SALAIRE) VALUES ('Crane', 141, 'Depp',31832);
INSERT INTO GENERIQUE (ROLE, NRFILM, ACTEUR, SALAIRE) VALUES ('Edward', 142, 'Depp', 61452);
INSERT INTO GENERIQUE (ROLE, NRFILM, ACTEUR, SALAIRE) VALUES ('Van Tassel', 141, 'Ricci',23661);





CREATE TABLE CINEMA (NOMC  VARCHAR (20) NOT NULL,
                     ARRONDISSEMENT DECIMAL (2,0),
                     ADRESSE VARCHAR (30),
		     COMPAGNIE VARCHAR (30),
		     PRIMARY KEY (NOMC));

INSERT INTO CINEMA VALUES ('Rex', 2, '22 Bd Poissoniere', '20th Century Fox');
INSERT INTO CINEMA VALUES ('UGC', 15, '3 Bd Raspail', 'Buenavista');
INSERT INTO CINEMA VALUES ('Gaumont Gobelins', 12, '3 Rue de Reuilly', 'MK2');
INSERT INTO CINEMA VALUES ('Halles', 1, 'Forum des Halles', 'Fox Pathe Europa');




CREATE TABLE PASSE (NUMF VARCHAR(10) NOT NULL,
		    NOMCINE VARCHAR (20) NOT NULL,
 	 	    SALLE DECIMAL(3,0) NOT NULL,
                    PRIMARY KEY (NUMF, NOMCINE, SALLE),
		    FOREIGN KEY (NOMCINE) REFERENCES CINEMA(NOMC));


INSERT INTO PASSE(NUMF, NOMCINE, SALLE) VALUES (65, 'Rex', 150);
INSERT INTO PASSE(NUMF, NOMCINE, SALLE) VALUES (34, 'Rex', 100);
INSERT INTO PASSE(NUMF, NOMCINE, SALLE) VALUES (135, 'Rex', 80);
INSERT INTO PASSE(NUMF, NOMCINE, SALLE) VALUES (102, 'Rex', 81);

INSERT INTO PASSE(NUMF, NOMCINE, SALLE) VALUES (141, 'UGC', 280);
INSERT INTO PASSE(NUMF, NOMCINE, SALLE) VALUES (73, 'UGC', 120);
INSERT INTO PASSE(NUMF, NOMCINE, SALLE) VALUES (10, 'UGC', 130);

INSERT INTO PASSE(NUMF, NOMCINE, SALLE) VALUES (43, 'Gaumont Gobelins', 130);
INSERT INTO PASSE(NUMF, NOMCINE, SALLE) VALUES (85, 'Gaumont Gobelins', 90);
INSERT INTO PASSE(NUMF, NOMCINE, SALLE) VALUES (32, 'Gaumont Gobelins', 60);
INSERT INTO PASSE(NUMF, NOMCINE, SALLE) VALUES (1, 'Halles', 75);
INSERT INTO PASSE(NUMF, NOMCINE, SALLE) VALUES (45, 'Halles', 60);
INSERT INTO PASSE(NUMF, NOMCINE, SALLE) VALUES (142, 'Halles', 60);





CREATE TABLE SALLE  (NUMS DECIMAL(3,0) NOT NULL,
 	 	     TAILLEECRAN INTEGER(10) NOT NULL,
		     NOMCINEMA  VARCHAR (20) NOT NULL,
		     FOREIGN KEY (NOMCINEMA) REFERENCES CINEMA(NOMC),
		     PRIMARY KEY (NUMS));


INSERT INTO SALLE VALUES (90, 78,'Rex');
INSERT INTO SALLE VALUES (100, 34,'Rex');
INSERT INTO SALLE VALUES (142, 23,'Rex');
INSERT INTO SALLE VALUES (45, 90,'UGC');
INSERT INTO SALLE VALUES (85, 50,'UGC');
INSERT INTO SALLE VALUES (10, 30, 'Gaumont Gobelins');
INSERT INTO SALLE VALUES (73, 66,'Halles');
